# Sign convention: delta_vina_vs_wt = top_aff_mut - top_aff_wt_v5; positive = destabilising.
# mean_topk = mean(affinities[:min(3, n_modes)]).
# low_confidence = (n_modes < 5). Excluded from rankings.
# Apo dockings reused from v3 (apo receptor unchanged across v3->v4->v5).
# WT apo reused from v4 multi-seed sweep; WT holo re-run in v5 with the in-place reprotonated cofactor.
mutant,category,condition,top_affinity,mean_topk,n_modes,rmsd_to_native,delta_vina_vs_wt,mis_docked,low_confidence,n_clashes,complex_pdb,top_pose_pdb,apo_source,error
WT,wildtype,apo,-9.197,-8.784333333333333,27,0.9115538656601705,0.0,False,False,0,/Users/ario/conserved_site_project/06e_docking_wt_v5/wt_apo_complex.pdb,/Users/ario/conserved_site_project/06e_docking_wt_v5/wt_apo_top_pose.pdb,,
WT,wildtype,holo,-8.249,-7.147,2,0.33415714865913027,0.0,False,True,0,/Users/ario/conserved_site_project/06e_docking_wt_v5/wt_holo_complex.pdb,/Users/ario/conserved_site_project/06e_docking_wt_v5/wt_holo_top_pose.pdb,,
C195A,ala_scan,holo,-10.495,-9.556000000000001,2,0.3433388996312537,-2.2459999999999987,False,True,0,/Users/ario/conserved_site_project/07e_mut_docking_v5/viewer_files/C195A_holo_complex.pdb,/Users/ario/conserved_site_project/07e_mut_docking_v5/viewer_files/C195A_holo_top_pose.pdb,,
C195A,ala_scan,apo,-9.46,-8.833333333333334,20,2.0915706123156,-0.2630000000000017,False,False,0,/Users/ario/conserved_site_project/07e_mut_docking_v5/viewer_files/C195A_apo_complex.pdb,/Users/ario/conserved_site_project/07e_mut_docking_v5/viewer_files/C195A_apo_top_pose.pdb,reused_from_v3,
C195A_H196A,double_dyad,holo,-10.03,-8.702,4,0.35814438429214557,-1.7809999999999988,False,True,0,/Users/ario/conserved_site_project/07e_mut_docking_v5/viewer_files/C195A_H196A_holo_complex.pdb,/Users/ario/conserved_site_project/07e_mut_docking_v5/viewer_files/C195A_H196A_holo_top_pose.pdb,,
C195A_H196A,double_dyad,apo,-9.118,-8.781333333333333,20,2.1138616597976023,0.07899999999999885,False,False,0,/Users/ario/conserved_site_project/07e_mut_docking_v5/viewer_files/C195A_H196A_apo_complex.pdb,/Users/ario/conserved_site_project/07e_mut_docking_v5/viewer_files/C195A_H196A_apo_top_pose.pdb,reused_from_v3,
C195S,opposite,holo,-10.215,-8.481,3,0.3032350573400115,-1.9659999999999993,False,True,0,/Users/ario/conserved_site_project/07e_mut_docking_v5/viewer_files/C195S_holo_complex.pdb,/Users/ario/conserved_site_project/07e_mut_docking_v5/viewer_files/C195S_holo_top_pose.pdb,,
C195S,opposite,apo,-9.552,-8.961333333333334,20,2.14121764374976,-0.3550000000000004,False,False,0,/Users/ario/conserved_site_project/07e_mut_docking_v5/viewer_files/C195S_apo_complex.pdb,/Users/ario/conserved_site_project/07e_mut_docking_v5/viewer_files/C195S_apo_top_pose.pdb,reused_from_v3,
C195S_H196N,double_polar_neutral,holo,-9.778,-8.271333333333333,4,0.301074326371413,-1.529,False,True,0,/Users/ario/conserved_site_project/07e_mut_docking_v5/viewer_files/C195S_H196N_holo_complex.pdb,/Users/ario/conserved_site_project/07e_mut_docking_v5/viewer_files/C195S_H196N_holo_top_pose.pdb,,
C195S_H196N,double_polar_neutral,apo,-9.337,-8.825333333333333,20,2.076432030768098,-0.14000000000000057,False,False,0,/Users/ario/conserved_site_project/07e_mut_docking_v5/viewer_files/C195S_H196N_apo_complex.pdb,/Users/ario/conserved_site_project/07e_mut_docking_v5/viewer_files/C195S_H196N_apo_top_pose.pdb,reused_from_v3,
H196A,ala_scan,holo,-7.758,-6.2313333333333345,5,0.33759569013836654,0.49100000000000055,False,False,0,/Users/ario/conserved_site_project/07e_mut_docking_v5/viewer_files/H196A_holo_complex.pdb,/Users/ario/conserved_site_project/07e_mut_docking_v5/viewer_files/H196A_holo_top_pose.pdb,,
H196A,ala_scan,apo,-8.855,-8.541,19,2.311973321379429,0.34199999999999875,False,False,0,/Users/ario/conserved_site_project/07e_mut_docking_v5/viewer_files/H196A_apo_complex.pdb,/Users/ario/conserved_site_project/07e_mut_docking_v5/viewer_files/H196A_apo_top_pose.pdb,reused_from_v3,
N226D,opposite,holo,-7.804,-6.260000000000001,4,0.3424948174790387,0.4450000000000003,False,True,0,/Users/ario/conserved_site_project/07e_mut_docking_v5/viewer_files/N226D_holo_complex.pdb,/Users/ario/conserved_site_project/07e_mut_docking_v5/viewer_files/N226D_holo_top_pose.pdb,,
N226D,opposite,apo,-8.777,-8.588666666666667,20,2.397877221341776,0.41999999999999993,False,False,0,/Users/ario/conserved_site_project/07e_mut_docking_v5/viewer_files/N226D_apo_complex.pdb,/Users/ario/conserved_site_project/07e_mut_docking_v5/viewer_files/N226D_apo_top_pose.pdb,reused_from_v3,
Q214A,ala_scan,holo,-8.169,-6.991,2,0.33802315009478284,0.08000000000000007,False,True,0,/Users/ario/conserved_site_project/07e_mut_docking_v5/viewer_files/Q214A_holo_complex.pdb,/Users/ario/conserved_site_project/07e_mut_docking_v5/viewer_files/Q214A_holo_top_pose.pdb,,
Q214A,ala_scan,apo,-8.652,-8.494333333333334,19,2.356671062897535,0.5449999999999999,False,False,0,/Users/ario/conserved_site_project/07e_mut_docking_v5/viewer_files/Q214A_apo_complex.pdb,/Users/ario/conserved_site_project/07e_mut_docking_v5/viewer_files/Q214A_apo_top_pose.pdb,reused_from_v3,
R175A,ala_scan,holo,-8.186,-7.051,2,0.34028972949532277,0.06300000000000061,False,True,0,/Users/ario/conserved_site_project/07e_mut_docking_v5/viewer_files/R175A_holo_complex.pdb,/Users/ario/conserved_site_project/07e_mut_docking_v5/viewer_files/R175A_holo_top_pose.pdb,,
R175A,ala_scan,apo,-9.017,-8.708666666666666,20,2.30231923905544,0.17999999999999972,False,False,0,/Users/ario/conserved_site_project/07e_mut_docking_v5/viewer_files/R175A_apo_complex.pdb,/Users/ario/conserved_site_project/07e_mut_docking_v5/viewer_files/R175A_apo_top_pose.pdb,reused_from_v3,
R175E,opposite,holo,-8.192,-7.145,2,0.33902293432745834,0.057000000000000384,False,True,0,/Users/ario/conserved_site_project/07e_mut_docking_v5/viewer_files/R175E_holo_complex.pdb,/Users/ario/conserved_site_project/07e_mut_docking_v5/viewer_files/R175E_holo_top_pose.pdb,,
R175E,opposite,apo,-9.037,-8.742666666666667,20,2.3882010596750343,0.15999999999999837,False,False,0,/Users/ario/conserved_site_project/07e_mut_docking_v5/viewer_files/R175E_apo_complex.pdb,/Users/ario/conserved_site_project/07e_mut_docking_v5/viewer_files/R175E_apo_top_pose.pdb,reused_from_v3,
R175E_R176E,double_phosclamp,holo,-8.203,-7.0615,2,0.34963731208210613,0.04600000000000115,False,True,0,/Users/ario/conserved_site_project/07e_mut_docking_v5/viewer_files/R175E_R176E_holo_complex.pdb,/Users/ario/conserved_site_project/07e_mut_docking_v5/viewer_files/R175E_R176E_holo_top_pose.pdb,,
R175E_R176E,double_phosclamp,apo,-9.02,-8.729,20,2.3081512695257436,0.1769999999999996,False,False,0,/Users/ario/conserved_site_project/07e_mut_docking_v5/viewer_files/R175E_R176E_apo_complex.pdb,/Users/ario/conserved_site_project/07e_mut_docking_v5/viewer_files/R175E_R176E_apo_top_pose.pdb,reused_from_v3,
R176A,ala_scan,holo,-8.186,-7.084,2,0.3379376421767781,0.06300000000000061,False,True,0,/Users/ario/conserved_site_project/07e_mut_docking_v5/viewer_files/R176A_holo_complex.pdb,/Users/ario/conserved_site_project/07e_mut_docking_v5/viewer_files/R176A_holo_top_pose.pdb,,
R176A,ala_scan,apo,-9.02,-8.729,20,2.3081512695257436,0.1769999999999996,False,False,0,/Users/ario/conserved_site_project/07e_mut_docking_v5/viewer_files/R176A_apo_complex.pdb,/Users/ario/conserved_site_project/07e_mut_docking_v5/viewer_files/R176A_apo_top_pose.pdb,reused_from_v3,
R176E,opposite,holo,-8.203,-7.0615,2,0.34963731208210613,0.04600000000000115,False,True,0,/Users/ario/conserved_site_project/07e_mut_docking_v5/viewer_files/R176E_holo_complex.pdb,/Users/ario/conserved_site_project/07e_mut_docking_v5/viewer_files/R176E_holo_top_pose.pdb,,
R176E,opposite,apo,-9.02,-8.729,20,2.3081512695257436,0.1769999999999996,False,False,0,/Users/ario/conserved_site_project/07e_mut_docking_v5/viewer_files/R176E_apo_complex.pdb,/Users/ario/conserved_site_project/07e_mut_docking_v5/viewer_files/R176E_apo_top_pose.pdb,reused_from_v3,
R215A,ala_scan,holo,-7.806,-6.690333333333334,5,0.4048995554455452,0.4430000000000005,False,False,0,/Users/ario/conserved_site_project/07e_mut_docking_v5/viewer_files/R215A_holo_complex.pdb,/Users/ario/conserved_site_project/07e_mut_docking_v5/viewer_files/R215A_holo_top_pose.pdb,,
R215A,ala_scan,apo,-8.627,-8.351333333333335,20,2.2464490849617618,0.5699999999999985,False,False,0,/Users/ario/conserved_site_project/07e_mut_docking_v5/viewer_files/R215A_apo_complex.pdb,/Users/ario/conserved_site_project/07e_mut_docking_v5/viewer_files/R215A_apo_top_pose.pdb,reused_from_v3,
R215A_N226A,double_substrate_orient,holo,-7.477,-6.627666666666667,9,0.6035608917085333,0.7720000000000002,False,False,0,/Users/ario/conserved_site_project/07e_mut_docking_v5/viewer_files/R215A_N226A_holo_complex.pdb,/Users/ario/conserved_site_project/07e_mut_docking_v5/viewer_files/R215A_N226A_holo_top_pose.pdb,,
R215A_N226A,double_substrate_orient,apo,-8.047,-7.870333333333334,20,5.341881175634037,1.1499999999999986,True,False,0,/Users/ario/conserved_site_project/07e_mut_docking_v5/viewer_files/R215A_N226A_apo_complex.pdb,/Users/ario/conserved_site_project/07e_mut_docking_v5/viewer_files/R215A_N226A_apo_top_pose.pdb,reused_from_v3,
R215E,opposite,holo,-7.779,-6.765333333333333,5,0.3911965618458323,0.47000000000000064,False,False,0,/Users/ario/conserved_site_project/07e_mut_docking_v5/viewer_files/R215E_holo_complex.pdb,/Users/ario/conserved_site_project/07e_mut_docking_v5/viewer_files/R215E_holo_top_pose.pdb,,
R215E,opposite,apo,-8.586,-8.433,19,2.42580130725254,0.6109999999999989,False,False,1,/Users/ario/conserved_site_project/07e_mut_docking_v5/viewer_files/R215E_apo_complex.pdb,/Users/ario/conserved_site_project/07e_mut_docking_v5/viewer_files/R215E_apo_top_pose.pdb,reused_from_v3,
R50A,ala_scan,holo,-7.421,-7.319333333333333,20,5.525404016902294,0.8280000000000003,True,False,0,/Users/ario/conserved_site_project/07e_mut_docking_v5/viewer_files/R50A_holo_complex.pdb,/Users/ario/conserved_site_project/07e_mut_docking_v5/viewer_files/R50A_holo_top_pose.pdb,,
R50A,ala_scan,apo,-8.618,-8.341666666666667,20,2.4166652516683764,0.5789999999999988,False,False,0,/Users/ario/conserved_site_project/07e_mut_docking_v5/viewer_files/R50A_apo_complex.pdb,/Users/ario/conserved_site_project/07e_mut_docking_v5/viewer_files/R50A_apo_top_pose.pdb,reused_from_v3,
R50E,opposite,holo,-7.767,-7.416999999999999,20,5.654982241351426,0.4820000000000002,True,False,0,/Users/ario/conserved_site_project/07e_mut_docking_v5/viewer_files/R50E_holo_complex.pdb,/Users/ario/conserved_site_project/07e_mut_docking_v5/viewer_files/R50E_holo_top_pose.pdb,,
R50E,opposite,apo,-8.782,-8.499333333333334,20,2.3515245785550967,0.41499999999999915,False,False,0,/Users/ario/conserved_site_project/07e_mut_docking_v5/viewer_files/R50E_apo_complex.pdb,/Users/ario/conserved_site_project/07e_mut_docking_v5/viewer_files/R50E_apo_top_pose.pdb,reused_from_v3,
T170A,control_surface,holo,-8.203,-7.0615,2,0.34963731208210613,0.04600000000000115,False,True,0,/Users/ario/conserved_site_project/07e_mut_docking_v5/viewer_files/T170A_holo_complex.pdb,/Users/ario/conserved_site_project/07e_mut_docking_v5/viewer_files/T170A_holo_top_pose.pdb,,
T170A,control_surface,apo,-9.017,-8.708666666666666,20,2.30231923905544,0.17999999999999972,False,False,0,/Users/ario/conserved_site_project/07e_mut_docking_v5/viewer_files/T170A_apo_complex.pdb,/Users/ario/conserved_site_project/07e_mut_docking_v5/viewer_files/T170A_apo_top_pose.pdb,reused_from_v3,
W109A,ala_scan,holo,-7.978,-6.9115,2,0.3389058866411146,0.2710000000000008,False,True,0,/Users/ario/conserved_site_project/07e_mut_docking_v5/viewer_files/W109A_holo_complex.pdb,/Users/ario/conserved_site_project/07e_mut_docking_v5/viewer_files/W109A_holo_top_pose.pdb,,
W109A,ala_scan,apo,-8.878,-8.461666666666666,19,2.461722395134089,0.31899999999999906,False,False,0,/Users/ario/conserved_site_project/07e_mut_docking_v5/viewer_files/W109A_apo_complex.pdb,/Users/ario/conserved_site_project/07e_mut_docking_v5/viewer_files/W109A_apo_top_pose.pdb,reused_from_v3,
Y258F_F225Y,double_aromatic_swap,holo,-8.048,-6.9375,2,0.3480844006846616,0.2010000000000005,False,True,0,/Users/ario/conserved_site_project/07e_mut_docking_v5/viewer_files/Y258F_F225Y_holo_complex.pdb,/Users/ario/conserved_site_project/07e_mut_docking_v5/viewer_files/Y258F_F225Y_holo_top_pose.pdb,,
Y258F_F225Y,double_aromatic_swap,apo,-8.875,-8.632,20,2.4538071896960227,0.3219999999999992,False,False,0,/Users/ario/conserved_site_project/07e_mut_docking_v5/viewer_files/Y258F_F225Y_apo_complex.pdb,/Users/ario/conserved_site_project/07e_mut_docking_v5/viewer_files/Y258F_F225Y_apo_top_pose.pdb,reused_from_v3,
