label,condition,vina_score,vinardo_score,ad4_score,delta_vinardo_vs_vina,delta_ad4_vs_vina,note
WT,apo,-8.718,-6.334,,2.384,,
WT,holo,-7.407,-5.112,,2.295,,
C195A,holo,-10.502,-8.519,,1.983,,
C195A,apo,-9.460,-7.590,,1.870,,
C195A_H196A,holo,-10.025,-8.020,,2.005,,
C195A_H196A,apo,-9.118,-7.176,,1.942,,
C195S,holo,-10.209,-8.390,,1.819,,
C195S,apo,-9.549,-7.699,,1.850,,
C195S_H196N,holo,-9.776,-8.119,,1.657,,
C195S_H196N,apo,-9.337,-7.505,,1.832,,
H196A,holo,-7.758,-6.009,,1.749,,
H196A,apo,-8.858,-7.025,,1.833,,
N226D,holo,-7.806,-5.922,,1.884,,
N226D,apo,-8.778,-6.838,,1.940,,
Q214A,holo,-8.175,-6.225,,1.950,,
Q214A,apo,-8.654,-6.792,,1.862,,
R175A,holo,-8.193,-6.378,,1.815,,
R175A,apo,-9.021,-7.115,,1.906,,
R175E,holo,-8.196,-6.436,,1.760,,
R175E,apo,-9.040,-7.074,,1.966,,
R175E_R176E,holo,-8.203,-6.380,,1.823,,
R175E_R176E,apo,-9.022,-7.055,,1.967,,
R176A,holo,-8.187,-6.423,,1.764,,
R176A,apo,-9.022,-7.055,,1.967,,
R176E,holo,-8.203,-6.380,,1.823,,
R176E,apo,-9.022,-7.055,,1.967,,
R215A,holo,-7.802,-5.508,,2.294,,
R215A,apo,-8.630,-6.232,,2.398,,
R215A_N226A,holo,-7.475,-5.014,,2.461,,
R215A_N226A,apo,-8.049,-5.852,,2.197,,
R215E,holo,-7.774,-5.527,,2.247,,
R215E,apo,-8.586,-6.092,,2.494,,
R50A,holo,-7.420,-4.055,,3.365,,
R50A,apo,-8.618,-6.094,,2.524,,
R50E,holo,-7.764,-4.410,,3.354,,
R50E,apo,-8.782,-6.282,,2.500,,
T170A,holo,-8.203,-6.380,,1.823,,
T170A,apo,-9.021,-7.115,,1.906,,
W109A,holo,-7.976,-6.343,,1.633,,
W109A,apo,-8.873,-7.159,,1.714,,
Y258F_F225Y,holo,-8.047,-6.010,,2.037,,
Y258F_F225Y,apo,-8.876,-6.896,,1.980,,
