# Sign convention: delta_vina_vs_wt = top_aff_mut - top_aff_wt_v4; positive = destabilising.
# mean_topk = mean(affinities[:min(3, n_modes)]).
# low_confidence = (n_modes < 5). Excluded from rankings.
# Apo dockings reused from v3 (apo receptor unchanged).
mutant,category,condition,top_affinity,mean_topk,n_modes,rmsd_to_native,delta_vina_vs_wt,mis_docked,low_confidence,n_clashes,complex_pdb,top_pose_pdb,apo_source,error
WT,wildtype,apo,-9.197,-8.784333333333333,27,0.9115538656601705,0.0,False,False,0,/Users/ario/conserved_site_project/06d_docking_wt_v4/wt_apo_complex.pdb,/Users/ario/conserved_site_project/06d_docking_wt_v4/wt_apo_top_pose.pdb,,
WT,wildtype,holo,-5.242,-5.116333333333333,30,12.947196936016692,0.0,False,False,0,/Users/ario/conserved_site_project/06d_docking_wt_v4/wt_holo_complex.pdb,/Users/ario/conserved_site_project/06d_docking_wt_v4/wt_holo_top_pose.pdb,,
C195A,ala_scan,holo,-6.992,-5.958333333333333,12,3.766765655041471,-1.75,True,False,0,/Users/ario/conserved_site_project/07d_mut_docking_v4/viewer_files/C195A_holo_complex.pdb,/Users/ario/conserved_site_project/07d_mut_docking_v4/viewer_files/C195A_holo_top_pose.pdb,,
C195A,ala_scan,apo,-9.46,-8.833333333333334,20,2.0915706123156,-0.2630000000000017,False,False,0,/Users/ario/conserved_site_project/07d_mut_docking_v4/viewer_files/C195A_apo_complex.pdb,/Users/ario/conserved_site_project/07d_mut_docking_v4/viewer_files/C195A_apo_top_pose.pdb,reused_from_v3,
C195A_H196A,double_dyad,holo,-7.878,-6.6585,2,4.252376688394385,-2.636,True,True,0,/Users/ario/conserved_site_project/07d_mut_docking_v4/viewer_files/C195A_H196A_holo_complex.pdb,/Users/ario/conserved_site_project/07d_mut_docking_v4/viewer_files/C195A_H196A_holo_top_pose.pdb,,
C195A_H196A,double_dyad,apo,-9.118,-8.781333333333333,20,2.1138616597976023,0.07899999999999885,False,False,0,/Users/ario/conserved_site_project/07d_mut_docking_v4/viewer_files/C195A_H196A_apo_complex.pdb,/Users/ario/conserved_site_project/07d_mut_docking_v4/viewer_files/C195A_H196A_apo_top_pose.pdb,reused_from_v3,
C195S,opposite,holo,-6.051,-5.323333333333333,18,3.4928366337405476,-0.8090000000000002,True,False,0,/Users/ario/conserved_site_project/07d_mut_docking_v4/viewer_files/C195S_holo_complex.pdb,/Users/ario/conserved_site_project/07d_mut_docking_v4/viewer_files/C195S_holo_top_pose.pdb,,
C195S,opposite,apo,-9.552,-8.961333333333334,20,2.14121764374976,-0.3550000000000004,False,False,0,/Users/ario/conserved_site_project/07d_mut_docking_v4/viewer_files/C195S_apo_complex.pdb,/Users/ario/conserved_site_project/07d_mut_docking_v4/viewer_files/C195S_apo_top_pose.pdb,reused_from_v3,
C195S_H196N,double_polar_neutral,holo,-6.282,-5.563,19,4.121942618474935,-1.04,True,False,0,/Users/ario/conserved_site_project/07d_mut_docking_v4/viewer_files/C195S_H196N_holo_complex.pdb,/Users/ario/conserved_site_project/07d_mut_docking_v4/viewer_files/C195S_H196N_holo_top_pose.pdb,,
C195S_H196N,double_polar_neutral,apo,-9.337,-8.825333333333333,20,2.076432030768098,-0.14000000000000057,False,False,0,/Users/ario/conserved_site_project/07d_mut_docking_v4/viewer_files/C195S_H196N_apo_complex.pdb,/Users/ario/conserved_site_project/07d_mut_docking_v4/viewer_files/C195S_H196N_apo_top_pose.pdb,reused_from_v3,
H196A,ala_scan,holo,-5.156,-5.085999999999999,19,11.760611886717461,0.0860000000000003,True,False,0,/Users/ario/conserved_site_project/07d_mut_docking_v4/viewer_files/H196A_holo_complex.pdb,/Users/ario/conserved_site_project/07d_mut_docking_v4/viewer_files/H196A_holo_top_pose.pdb,,
H196A,ala_scan,apo,-8.855,-8.541,19,2.311973321379429,0.34199999999999875,False,False,0,/Users/ario/conserved_site_project/07d_mut_docking_v4/viewer_files/H196A_apo_complex.pdb,/Users/ario/conserved_site_project/07d_mut_docking_v4/viewer_files/H196A_apo_top_pose.pdb,reused_from_v3,
N226D,opposite,holo,-5.078,-4.986,17,13.001087527587835,0.1639999999999997,True,False,0,/Users/ario/conserved_site_project/07d_mut_docking_v4/viewer_files/N226D_holo_complex.pdb,/Users/ario/conserved_site_project/07d_mut_docking_v4/viewer_files/N226D_holo_top_pose.pdb,,
N226D,opposite,apo,-8.777,-8.588666666666667,20,2.397877221341776,0.41999999999999993,False,False,0,/Users/ario/conserved_site_project/07d_mut_docking_v4/viewer_files/N226D_apo_complex.pdb,/Users/ario/conserved_site_project/07d_mut_docking_v4/viewer_files/N226D_apo_top_pose.pdb,reused_from_v3,
Q214A,ala_scan,holo,-5.082,-5.011,20,12.908881560770476,0.16000000000000014,True,False,0,/Users/ario/conserved_site_project/07d_mut_docking_v4/viewer_files/Q214A_holo_complex.pdb,/Users/ario/conserved_site_project/07d_mut_docking_v4/viewer_files/Q214A_holo_top_pose.pdb,,
Q214A,ala_scan,apo,-8.652,-8.494333333333334,19,2.356671062897535,0.5449999999999999,False,False,0,/Users/ario/conserved_site_project/07d_mut_docking_v4/viewer_files/Q214A_apo_complex.pdb,/Users/ario/conserved_site_project/07d_mut_docking_v4/viewer_files/Q214A_apo_top_pose.pdb,reused_from_v3,
R175A,ala_scan,holo,-5.115,-4.987333333333333,19,11.824583288640664,0.12699999999999978,True,False,0,/Users/ario/conserved_site_project/07d_mut_docking_v4/viewer_files/R175A_holo_complex.pdb,/Users/ario/conserved_site_project/07d_mut_docking_v4/viewer_files/R175A_holo_top_pose.pdb,,
R175A,ala_scan,apo,-9.017,-8.708666666666666,20,2.30231923905544,0.17999999999999972,False,False,0,/Users/ario/conserved_site_project/07d_mut_docking_v4/viewer_files/R175A_apo_complex.pdb,/Users/ario/conserved_site_project/07d_mut_docking_v4/viewer_files/R175A_apo_top_pose.pdb,reused_from_v3,
R175E,opposite,holo,-5.097,-4.908666666666666,18,12.190476124827939,0.14499999999999957,True,False,0,/Users/ario/conserved_site_project/07d_mut_docking_v4/viewer_files/R175E_holo_complex.pdb,/Users/ario/conserved_site_project/07d_mut_docking_v4/viewer_files/R175E_holo_top_pose.pdb,,
R175E,opposite,apo,-9.037,-8.742666666666667,20,2.3882010596750343,0.15999999999999837,False,False,0,/Users/ario/conserved_site_project/07d_mut_docking_v4/viewer_files/R175E_apo_complex.pdb,/Users/ario/conserved_site_project/07d_mut_docking_v4/viewer_files/R175E_apo_top_pose.pdb,reused_from_v3,
R175E_R176E,double_phosclamp,holo,-5.038,-4.905,19,12.186796240193727,0.20399999999999974,True,False,0,/Users/ario/conserved_site_project/07d_mut_docking_v4/viewer_files/R175E_R176E_holo_complex.pdb,/Users/ario/conserved_site_project/07d_mut_docking_v4/viewer_files/R175E_R176E_holo_top_pose.pdb,,
R175E_R176E,double_phosclamp,apo,-9.02,-8.729,20,2.3081512695257436,0.1769999999999996,False,False,0,/Users/ario/conserved_site_project/07d_mut_docking_v4/viewer_files/R175E_R176E_apo_complex.pdb,/Users/ario/conserved_site_project/07d_mut_docking_v4/viewer_files/R175E_R176E_apo_top_pose.pdb,reused_from_v3,
R176A,ala_scan,holo,-5.06,-4.972666666666666,19,11.786282206446613,0.18200000000000038,True,False,0,/Users/ario/conserved_site_project/07d_mut_docking_v4/viewer_files/R176A_holo_complex.pdb,/Users/ario/conserved_site_project/07d_mut_docking_v4/viewer_files/R176A_holo_top_pose.pdb,,
R176A,ala_scan,apo,-9.02,-8.729,20,2.3081512695257436,0.1769999999999996,False,False,0,/Users/ario/conserved_site_project/07d_mut_docking_v4/viewer_files/R176A_apo_complex.pdb,/Users/ario/conserved_site_project/07d_mut_docking_v4/viewer_files/R176A_apo_top_pose.pdb,reused_from_v3,
R176E,opposite,holo,-5.038,-4.905,19,12.186796240193727,0.20399999999999974,True,False,0,/Users/ario/conserved_site_project/07d_mut_docking_v4/viewer_files/R176E_holo_complex.pdb,/Users/ario/conserved_site_project/07d_mut_docking_v4/viewer_files/R176E_holo_top_pose.pdb,,
R176E,opposite,apo,-9.02,-8.729,20,2.3081512695257436,0.1769999999999996,False,False,0,/Users/ario/conserved_site_project/07d_mut_docking_v4/viewer_files/R176E_apo_complex.pdb,/Users/ario/conserved_site_project/07d_mut_docking_v4/viewer_files/R176E_apo_top_pose.pdb,reused_from_v3,
R215A,ala_scan,holo,-6.53,-5.169333333333333,15,3.7835100700275666,-1.2880000000000003,True,False,0,/Users/ario/conserved_site_project/07d_mut_docking_v4/viewer_files/R215A_holo_complex.pdb,/Users/ario/conserved_site_project/07d_mut_docking_v4/viewer_files/R215A_holo_top_pose.pdb,,
R215A,ala_scan,apo,-8.627,-8.351333333333335,20,2.2464490849617618,0.5699999999999985,False,False,0,/Users/ario/conserved_site_project/07d_mut_docking_v4/viewer_files/R215A_apo_complex.pdb,/Users/ario/conserved_site_project/07d_mut_docking_v4/viewer_files/R215A_apo_top_pose.pdb,reused_from_v3,
R215A_N226A,double_substrate_orient,holo,-6.458,-5.051,14,3.7874360588662084,-1.2160000000000002,True,False,0,/Users/ario/conserved_site_project/07d_mut_docking_v4/viewer_files/R215A_N226A_holo_complex.pdb,/Users/ario/conserved_site_project/07d_mut_docking_v4/viewer_files/R215A_N226A_holo_top_pose.pdb,,
R215A_N226A,double_substrate_orient,apo,-8.047,-7.870333333333334,20,5.341881175634037,1.1499999999999986,True,False,0,/Users/ario/conserved_site_project/07d_mut_docking_v4/viewer_files/R215A_N226A_apo_complex.pdb,/Users/ario/conserved_site_project/07d_mut_docking_v4/viewer_files/R215A_N226A_apo_top_pose.pdb,reused_from_v3,
R215E,opposite,holo,-6.757,-5.146,8,3.771210521835131,-1.5149999999999997,True,False,0,/Users/ario/conserved_site_project/07d_mut_docking_v4/viewer_files/R215E_holo_complex.pdb,/Users/ario/conserved_site_project/07d_mut_docking_v4/viewer_files/R215E_holo_top_pose.pdb,,
R215E,opposite,apo,-8.586,-8.433,19,2.42580130725254,0.6109999999999989,False,False,1,/Users/ario/conserved_site_project/07d_mut_docking_v4/viewer_files/R215E_apo_complex.pdb,/Users/ario/conserved_site_project/07d_mut_docking_v4/viewer_files/R215E_apo_top_pose.pdb,reused_from_v3,
R50A,ala_scan,holo,-6.862,-6.752,20,8.660159132487117,-1.62,True,False,0,/Users/ario/conserved_site_project/07d_mut_docking_v4/viewer_files/R50A_holo_complex.pdb,/Users/ario/conserved_site_project/07d_mut_docking_v4/viewer_files/R50A_holo_top_pose.pdb,,
R50A,ala_scan,apo,-8.618,-8.341666666666667,20,2.4166652516683764,0.5789999999999988,False,False,0,/Users/ario/conserved_site_project/07d_mut_docking_v4/viewer_files/R50A_apo_complex.pdb,/Users/ario/conserved_site_project/07d_mut_docking_v4/viewer_files/R50A_apo_top_pose.pdb,reused_from_v3,
R50E,opposite,holo,-6.836,-6.578666666666667,19,5.782273047859293,-1.5940000000000003,True,False,0,/Users/ario/conserved_site_project/07d_mut_docking_v4/viewer_files/R50E_holo_complex.pdb,/Users/ario/conserved_site_project/07d_mut_docking_v4/viewer_files/R50E_holo_top_pose.pdb,,
R50E,opposite,apo,-8.782,-8.499333333333334,20,2.3515245785550967,0.41499999999999915,False,False,0,/Users/ario/conserved_site_project/07d_mut_docking_v4/viewer_files/R50E_apo_complex.pdb,/Users/ario/conserved_site_project/07d_mut_docking_v4/viewer_files/R50E_apo_top_pose.pdb,reused_from_v3,
T170A,control_surface,holo,-5.071,-5.006333333333333,20,12.94482042169763,0.17100000000000026,True,False,0,/Users/ario/conserved_site_project/07d_mut_docking_v4/viewer_files/T170A_holo_complex.pdb,/Users/ario/conserved_site_project/07d_mut_docking_v4/viewer_files/T170A_holo_top_pose.pdb,,
T170A,control_surface,apo,-9.017,-8.708666666666666,20,2.30231923905544,0.17999999999999972,False,False,0,/Users/ario/conserved_site_project/07d_mut_docking_v4/viewer_files/T170A_apo_complex.pdb,/Users/ario/conserved_site_project/07d_mut_docking_v4/viewer_files/T170A_apo_top_pose.pdb,reused_from_v3,
W109A,ala_scan,holo,-7.038,-6.344333333333334,19,8.397011319511245,-1.7960000000000003,True,False,0,/Users/ario/conserved_site_project/07d_mut_docking_v4/viewer_files/W109A_holo_complex.pdb,/Users/ario/conserved_site_project/07d_mut_docking_v4/viewer_files/W109A_holo_top_pose.pdb,,
W109A,ala_scan,apo,-8.878,-8.461666666666666,19,2.461722395134089,0.31899999999999906,False,False,0,/Users/ario/conserved_site_project/07d_mut_docking_v4/viewer_files/W109A_apo_complex.pdb,/Users/ario/conserved_site_project/07d_mut_docking_v4/viewer_files/W109A_apo_top_pose.pdb,reused_from_v3,
Y258F_F225Y,double_aromatic_swap,holo,-5.137,-4.989333333333334,18,11.768048442711306,0.10500000000000043,True,False,0,/Users/ario/conserved_site_project/07d_mut_docking_v4/viewer_files/Y258F_F225Y_holo_complex.pdb,/Users/ario/conserved_site_project/07d_mut_docking_v4/viewer_files/Y258F_F225Y_holo_top_pose.pdb,,
Y258F_F225Y,double_aromatic_swap,apo,-8.875,-8.632,20,2.4538071896960227,0.3219999999999992,False,False,0,/Users/ario/conserved_site_project/07d_mut_docking_v4/viewer_files/Y258F_F225Y_apo_complex.pdb,/Users/ario/conserved_site_project/07d_mut_docking_v4/viewer_files/Y258F_F225Y_apo_top_pose.pdb,reused_from_v3,
